,,,,,,,,,,,,,,,,
name,description,open_time,close_time,entry_price,latitude,longitude,visit_count,provinces,city,subdistrict,street_name,zip_code,categories,facilities,url_image,url_video
Situ Cipondoh,"Situ Cipondoh, sebuah danau buatan yang berada di kota Tangerang, Banten, merupakan salah satu tujuan wisata favorit bagi penduduk setempat maupun pengunjung dari luar kota banten",00:00,23:59,0,-6.196236840267521,106.821810,1200,Banten,Tanggerang,Cipondoh,"Jalan KH Hasyim Ashari di Kecamatan Cipondoh, Kota Tangerang, Banten.",15148,Alam,"Area parkir, area makanan, toilet, wahana permainan, tempat sampah",,
Scientia Square Park,"Scientia Square Park (SQP) adalah ruang terbuka hijau dengan fasilitas modern sebagai pusat aktivitas pelajar, mahasiswa, juga masyarakat umum.",07:00,20:00,45000,-6.256378143688781,106.6171164487599,900,Banten,Tanggerang,kelapa dua,"Jalan Scientia Boulevard, Curug Sangereng, Kelapa Dua, Kabupaten Tangerang.",15334,Alam,"Area parkir, wahana permainan, toilet, tempat ibadah, tempat sampah",,
Pantai Anyer ,"Pantai Anyer adalah wisata pantai tropis yang terletak di pesisir barat Provinsi Banten, Indonesia. Dikenal karena keindahan alamnya yang memesona, Pantai Anyer menawarkan kombinasi sempurna antara pasir putih yang lembut, air laut yang jernih.",00:00,23:59,25.000,-6.086.954.523.108.130,105.88893544043832,32000,Banten,Serang,anyar,"Jl. Raya Karang Bolong, Bandulu, Kec. Anyar, Kabupaten Serang, Banten 42166",42166,Alam,"area parkir, toilet, penginapan, tempat ibadah",,
Pantai Sawarna,"Sawarna adalah desa wisata di Lebak, Banten, terkenal dengan pantai-pantai indah seperti Pantai Tanjung Layar dan Ciantir. Tempat ini menawarkan pemandangan laut memukau, pasir putih bersih, ombak cocok untuk berselancar, serta gua-gua alami seperti Gua Lalay. Cocok bagi pencari keindahan alam dan ketenangan.",00:00,23:59,5.000,-6.984.323.067.542.160,106.3069557563176,1000,Banten,Lebak,bayah,"Jl. Sawarna Km. 12 No.1, Sawarna, Bayah, Lebak, Banten",42393,Alam,"Penginapan, area makanan dan area makanan, Area Parkir, toilet,toko oleh-oleh ",,
Klub Pantai Tanjung Lesung ,"Klub Pantai Tanjung Lesung menawarkan panorama pantai yang memesona dengan pasir putih yang lembut, air laut yang jernih, dan pepohonan hijau yang menjulang",08:00,18:00,200.000,"-6.475.102.094.307.860,00",105.62539974046673,50000,Banten,Pandeglang,panimbang,"Klub Pantai Tanjung Lesung Desa Tanjung Jaya, Kecamatan Panimbang, Kabupaten Pandeglang, Banten, Indonesia",42281,Alam,"area parkir, area makanan, toilet, wahana permainan",,
Danau Telaga Biru,Danau Telaga Biru adalah destinasi yang cocok bagi para pencinta alam dan penggemar petualangan.,06:00,18:00,50.000,"-5.778.157.155.718.060,00",10.564.507.439.096.900,40000,Banten,tangerang,cisoka,"Jalan Cigaru, Cisoka, Tangerang Regency, Banten",15730,Alam,"pusat informasi, tempat sampah,Area parkir, area makanan, Toilet, wahana permainan",,
Gunung Pinang,"Gunung Pinang terletak di Kabupaten Serang, Banten, dan dikenal karena keindahan alamnya serta trek pendakian yang menarik.",08:00,17:00,15000,"-6.058592034614915, ","106,0858984",2000,banten,serang,waringinkurung,"Desa Kramatwatu, Kecamatan Kramatwatu, Kabupaten Serang, Banten",42161,Alam,"Area Parkir, area makanan, Toilet, Pusat Informasi, Penginapan",,
Istana Surosowan,"Istana Surosowan, juga dikenal sebagai Keraton Surosowan, merupakan bekas istana Kesultanan Banten yang dibangun pada abad ke-16",08:00,17:00,5000,"-6.037837712387714, ","106,1529946",100,banten,Serang,kasemen,"Jl. Banten Lama, Kasemen, Kecamatan Kasemen, Kota Serang, Banten, Indonesia",42191,Sejarah,"Pusat Informasi, toilet, tempat sampah",,
Hutan Kayu Putih Kragilan,"Hutan Kayu Putih Kragilan, sering disebut sebagai ""Hutan Pinus Kragilan,"" adalah kawasan hutan yang dipenuhi pohon kayu putih yang tinggi dan lurus.",07:00,18:00,15000,"-6.130698406011188,","106,2747713",1000,Banten,serang,kragilan,"Desa Kragilan, Kecamatan Carenang, Kabupaten Serang, Banten, Indonesia",42192,Alam,"Pusat Informasi, toilet, tempat sampah, area parkir",,
Situ Rawa Arum,Situ Rawa Arum adalah sebuah danau alami yang dikelilingi oleh vegetasi hijau dan pemandangan yang indah.,06:00,18:00,10000,"-5.981218666570578, ",106.00853986272168,2000,Banten,Cilegon,gerogol,"Jalan Raya Serang-Cilegon KM 5, Desa Rawa Arum, Kecamatan Gerogol, Kota Cilegon, Banten, Indonesia",42438,Alam,"Wahana bermain anak, toilet, area parkir, tempat sampah",,
,,,,,,,,,,,,,,,,
Gunung rinjani,"Gunung Rinjani di Pulau Lombok, Indonesia, adalah gunung berapi aktif setinggi 3.726 meter. Terkenal karena keindahan alamnya, termasuk danau kawah Segara Anak, sumber air panas, dan pemandangan spektakuler. Rinjani menawarkan jalur pendakian menantang yang menarik bagi para pendaki dan pecinta alam.",07:00,15:00,2600000,-8.409.432.728.193.710,116.46001630029166,39226,Nusa Tenggara Barat,Lombok timur,Bayan,"Kecamatan Bayan, Kabupaten Lombok Utara, Provinsi Nusa Tenggara Barat, Indonesia.",83354,alam,"penginapan, pusat informasi, toilet umum, tempat sampah",,
Gili Trawangan island,"Gili Trawangan adalah destinasi wisata populer di lepas pantai barat laut Lombok, Indonesia. Sebagai pulau terbesar dari tiga Gili Islands, Gili Trawangan menawarkan pemandangan pantai yang menakjubkan dengan pasir putih dan air laut yang jernih",00:00,23:59,509000,-8.358.163.865.185.750,116.02933914354026,60000,Nusa Tenggara Barat,Lombok Utara,Pemenang,"Kabupaten Lombok Utara, Provinsi Nusa Tenggara Barat, Indonesia.",83352,alam,"pusat informasi, penginapan, toilet, wahana permainan",,
Air terjun sendang gile dan tiu kilep,"Air Terjun Sendang Gile dan Tiu Kelep menawarkan keindahan alam yang menakjubkan dengan air terjun yang mempesona, air yang jernih, serta hamparan hutan yang hijau. ",07:00,17:00,5000,-8.309.400.937.928.670,116.4190378321076,10000,Nusa Tenggara Barat,Lombok Utara,Bayan,"Desa Senaru, Kecamatan Bayan, Kabupaten Lombok Utara, Provinsi Nusa Tenggara Barat",83354,alam,"area parkir, toilet, Pusat Informasi, tempat ibadah",,
Pantai gili meno,"Pantai Gili Meno menawarkan suasana yang tenang dan damai, sangat cocok untuk wisatawan yang mencari ketenangan dan keindahan alam.",00:00,23:59,0,-835.795.962.035.995,116.06130286794907,2000,Nusa Tenggara Barat,Lombok Utara,Pemenang,"Pantai Gili Meno, Desa Gili Indah, Kecamatan Pemenang, Kabupaten Lombok Utara, Nusa Tenggara Barat, Indonesia.",83352,alam,"area, parkir, pusat informasi, penginapan, toilet,toko oleh-oleh",,
Pantai Gili air,"Pantai Gili Air adalah surga tropis yang terletak di pulau Gili Air, salah satu dari tiga pulau kecil yang terletak di sebelah barat laut Lombok, Indonesia.",00:00,23:59,12000,"-8,358218977",116.08342929874848,2000,Nusa Tenggara Barat,Lombok Utara,Pemenang,"Pantai Gili Air, Desa Gili Indah, Kecamatan Pemenang, Kabupaten Lombok Utara, Nusa Tenggara Barat, Indonesia.",83352,alam,"toko oleh-oleh,pusat informasi, penginapan, toilet, area parkir",,
Pantai Senggigi,"Pantai Senggigi adalah salah satu destinasi wisata paling populer di Pulau Lombok, Indonesia. Pantai ini menawarkan kombinasi sempurna antara keindahan alam, suasana tenang, dan fasilitas wisata yang lengkap.",00:00,23:59,15000,-8.478616865602719,116.03744073093863,4698,Nusa Tenggara Barat,Lombok Barat,Batu Layar,"Pantai Senggigi, Desa Batu Layar, Kecamatan Batu Layar, Kabupaten Lombok Barat, Nusa Tenggara Barat, Indonesia.",83355,alam,"penginapan, tempat sampah, area makanan, toilet, toko oleh-oleh",,
pantai seger,Pantai Seger mempesona dengan panorama alam yang menakjubkan. Pantai ini dikelilingi oleh bukit-bukit hijau yang menambah pesona alaminya. Ombak yang tenang dan angin sepoi-sepoi membuat suasana di pantai ini sangat menyenangkan bagi pengunjung.,00:00,23:59,5000,-8.90688531607307,116.29773677433441,6800,Nusa Tenggara Barat,Lombok Tengah,Pujut,"Pantai Seger, Desa Kuta, Kecamatan Pujut, Kabupaten Lombok Tengah, Nusa Tenggara Barat, Indonesia.",83573,alam,"area parkir, area makanan, pusat informasi, toko oleh-oleh",,
Pulau Moyo,"Pulau Moyo adalah pulau yang belum terjamah sepenuhnya, dengan hutan tropis yang lebat, air terjun yang indah, dan pantai berpasir putih yang menakjubkan.",00:00,23:59,50000,-8.205711307455351,117.52751783919564,1000,Nusa Tenggara Barat,Sumbawa,Denpasar Selatan,"Kabupaten Sumbawa, Provinsi Nusa Tenggara Barat, Indonesia.",-,alam,"pusat informasi, toilet, toko oleh-oleh",,
Air terjun tetebatu,Air Terjun Tetebatu memiliki ketinggian sekitar 40 meter dan dikelilingi oleh pepohonan hijau yang rindang.,00:00,23:59,20000,-8.539830260852154,116.42240445895928,2000,Nusa Tenggara Barat,Lombok Timur,Sikur,"ir Terjun Tetebatu, Desa Tetebatu, Kecamatan Sikur, Kabupaten Lombok Timur, Nusa Tenggara Barat, Indonesia.",83662,alam,"pusat informasi, area makanan, toilet, toko oleh-oleh",,
Pantai Nipah,Pantai Nipah mempesona dengan pemandangan alam yang menakjubkan. Pantai ini dikelilingi oleh bukit-bukit hijau dan pepohonan kelapa yang menambah pesona alaminya.,00:00,23:59,5000,-8.433076337609668,116.04646456927674,4500,Nusa Tenggara Barat,Lombok Barat,Batu Layar,"Pantai Nipah, Desa Batu Layar, Kecamatan Batu Layar, Kabupaten Lombok Barat, Nusa Tenggara Barat, Indonesia.",83352,alam,"penginapan, area makanan, toko oleh-oleh",,
,,,,,,,,,,,,,,,,
Pulau Komodo,"Pulau ini terkenal dengan spesies kadal purba yang langka, Komodo. Di sini, wisatawan dapat melakukan trekking, pusat informasi, dan diving.",08:00 ,17:00,200000,-8.526764434585477,119.4812187565926,1000,Nusa Tenggara Timur,Manggarai,Manggarai Barat,"Pulau Komodo, Komodo, Labuan Bajo, Nusa Tenggara Timur",86763,alam,"Area parkir, toilet, penginapan, toko oleh-oleh",,
Danau Kelimutu,Danau vulkanik dengan air yang berubah warna-warni tergantung pada musim. Pemandangan matahari terbit di sini sangat populer.,05:00,17:00,25000,-8.765177840029656,121.82081857718961,1500,Nusa Tenggara Timur,Ende,Kelimutu,"Desa Pemo, Kecamatan Kelimutu, Kabupaten Ende",86318,alam,"Area parkir, area makanan, toilet",,
taman nasional kepulauan alor,aman nasional yang mencakup beberapa pulau kecil dengan keindahan bawah laut yang memikat.,00:00,23:59,50000,-8.273905642572682,124.85643808408875,3993,Nusa Tenggara Timur,Alor,Alor Timur Laut,"Pido, Kec. Alor Tim. Laut, Kabupaten Alor, Nusa Tenggara Tim.",85875,alam,"penginapan, toko oleh-oleh, area pusat informasi, area parkir, toilet",,
Desa Adat Wae Rebo,"Desa tradisional dengan rumah adat yang unik, dikelilingi oleh pegunungan hijau.",00:00,23:59,20000,-8.768922338329329,120.28502851345408,2000,Nusa Tenggara Timur,Manggarai Barat,Satar Mese,"Kampung Satar Lenda, Kecamatan Satar Mese, Kabupaten Manggarai Barat, Flores, Nusa Tenggara Timur",86561,alam,"Penginapan, toilet, pusat informasi, toko oleh-oleh",,
Pulau Rote,"Pulau dengan pantai berpasir putih yang indah, populer untuk surfing dan pusat informasi.",00:00,23:59,3000,-10.732925991717261,123.07889732131586,4000,Nusa Tenggara Timur,Rote Ndao ,Rote Barat Laut,"Pulau Rote, Rote Barat Daya, Rote Ndao, Nusa Tenggara Timur",85981,alam,"Penginapan, area makanan, pusat informasi, toilet",,
Pulau Sawu,"Pulau kecil yang tenang dengan pantai yang indah, ideal untuk bersantai dan menikmati alam.",00:00,23:59,0,"-10.50877222861996, 121.87940224593953",121.87940224593953,521,Nusa Tenggara Timur,Sabu Raijua,Sabu Tengah,"Pulau Savu, Timur Tengah Utara, Sabu Raijua, Nusa Tenggara Timur",86463,alam,"Penginapan, area makanan, toko oleh-oleh, toilet, area parkir",,
Air Terjun Cunca Wulang,Air terjun spektakuler yang tersembunyi di dalam hutan tropis. Terkenal dengan airnya yang jernih dan kolam renang alaminya yang menyegarkan.,06:00,17:00,20000,-8.544978683140378,119.99506056318546,3000,Nusa Tenggara Timur,Manggarai Barat,Boleng,"Pota Wangka, Kec. Boleng, Kabupaten Manggarai Barat, Nusa Tenggara Tim.",86757,alam,"Area parkir, area makanan, pusat informasi, toilet",,
Pulau Sumba,"Pulau dengan pantai yang luas, budaya yang kaya, dan pemandangan alam yang menakjubkan. Populer untuk surfing, pusat informasi, dan trekking",00:00,23:59,0,-9.699134459546647,120.03832549360534,8000,Nusa Tenggara Timur,Sumba Barat Daya,Sumba Barat Daya,"Pulau Sumba, Sumba Barat Daya, Southwest Sumba, Nusa Tenggara Timur",87119,alam,"Penginapan, area makanan, toko oleh-oleh, pusat informasi",,
Pantai Pink,Pantai berpasir merah unik yang menjadi ikonik karena warna pasirnya yang langka.,07:00,18:00,10000,-8.550791644740164,119.71992754941539,8000,Nusa Tenggara Timur,Lombok Timur,Jerowaru,"Sekaroh, Jerowaru, Kabupaten Lombok Timur, Nusa Tenggara Bar. 83672",83126,alam,"Area parkir, area makanan, toilet, pusat informasi",,
Bukit Wairinding,"Bukit Wairinding terkenal dengan pemandangan savana yang luas dan indah. Saat musim penghujan, bukit ini ditutupi oleh rumput hijau yang segar, sementara saat musim kemarau, pemandangan berubah menjadi padang rumput cokelat yang eksotis",00:00,23:59,10000,-9.679421206361013,120.10208874051571,36500,Nusa Tenggara Timur,Sumba Timur,Pandawai,"Makamenggit, Nggaha Oriangu, Kabupaten Sumba Timur, Nusa Tenggara Tim.",87111,alam,"Area parkir, area makanan, toko oleh-oleh",,
,,,,,,,,,,,,,,,,
Taman Nasional Danau Sentarum,Taman Nasional Danau Sentarum adalah kawasan konservasi yang terdiri dari danau musiman yang menjadi habitat bagi berbagai jenis flora dan fauna endemik.,08:00,16:30,25000,0.8333421387646698,112.18380129883008,100,Kalimantan Barat,Kapuas Hulu,Nanga kantuk,"Nanga Leboyan, Danau Sentarum, Kabupaten Kapuas Hulu, Kalimantan Barat 78765",78765,alam,"toko oleh-oleh, penginapan, toilet",,
Pantai Kijing,Pantai dengan pasir putih yang indah dan air laut yang jernih. Tempat yang sempurna untuk berenang dan bersantai.,00:00,23:59,10000,0.5078778187907976,108.91465235545347,7330,Kalimantan Barat,Mempawah,Sungai Kunyit,"Desa, Sungai Kunyit Laut, Sungai Kunyit, Kab. Mempawah, Kalimantan Barat 78371",78371,alam,"Area parkir, area makanan, toilet",,
Taman Nasional Gunung Palung,Taman nasional dengan hutan hujan tropis yang kaya akan biodiversitas. Populer untuk trekking dan penelitian flora dan fauna.,07:30,16:30,1000,-0.8187577583622941,110.13156937001713,3500,Kalimantan Barat,Ketapang,deltapawan,"Kalinilam, Deltapawan, Jl. Gajah Mada, Kabupaten Ketapang, Kalimantan Barat 78857",78857,alam,"Area parkir, toilet, Pusat Informasi.",,
Bukit Kelam,"Bukit batu granit yang megah, salah satu yang terbesar di dunia. Tempat yang cocok untuk hiking dan menikmati pemandangan dari puncak.",07:00,17:00,0,0.08079488250917385,111.67496858142205,8779,Kalimantan Barat,Sintang,kelam permai,"Merpak, Kec. Kelam Permai, Kabupaten Sintang, Kalimantan Barat",78115,alam,"Area parkir, toilet, area makanan, pusat informasu",,
Taman Nasional Betang Karihun,"Bentang Karihun adalah kawasan hutan tropis yang indah di Taman Nasional Betung Kerihun. Tempat ini dikenal dengan pemandangan alam yang spektakuler, keanekaragaman hayati yang kaya, dan merupakan salah satu destinasi favorit bagi para pencinta alam dan petualang.",08:00,16:00,1000,1.2017867105779274,113.18888812709157,7570,Kalimantan Barat,Kapuas Hulu,putussibau utara,"Jl. Piere Tendean, Sibau Hulu, Kec. Putussibau Utara, Kabupaten Kapuas Hulu, Kalimantan Barat 78716",78716,alam,"Area parkir, toilet, penginapan, Pusat Informasi",,
Pantai Tanjung Bajau,"Pantai Tanjung Bajau adalah salah satu destinasi wisata pantai yang populer di Kalimantan Barat. Pantai ini menawarkan pemandangan laut yang indah, pasir putih yang lembut, dan air laut yang jernih.",00:00,23:59,35000,0.8590786677271923,108.89214521101547,109500,Kalimantan Barat,Singkawang,Singkawang Selatan,"VV5R+HMP, Sedau, Kec. Singkawang Sel., Kota Singkawang, Kalimantan Barat 79163",79163,alam,"Area parkir, toilet, area makanan,wahana permainan, penginapan",,
Air terjun Pancur Aji,Air Terjun Pancur Aji adalah air terjun yang terletak di hutan tropis yang lebat. Tempat ini menawarkan pemandangan alam yang memukau dengan air terjun yang tinggi dan kolam alami yang jernih.,09:00,18:00,5000,0.10060461736046256,110.56943380529106,64750,Kalimantan Barat,Sanggau,kapuas,"3HX8+WXW, Jl. Sanggau Permai, Beringin, Kec. Kapuas, Kabupaten Sanggau, Kalimantan Barat 78516",78516,alam,"Area parkir, toilet, area makanan,Penginapan",,
Hutan Wisata Baning,Hutan Wisata Baning adalah hutan kota yang terletak di pusat Kota Sintang. Hutan ini menawarkan pemandangan hutan tropis yang masih alami dengan jalur-jalur pejalan kaki yang terawat.,07:00,17:00,10000,0.07130509075842863,111.50903639199689,36500,Kalimantan Barat,Sintang,sintang,"3GC5+FGR, Sungai Ana, Kec. Sintang, Kabupaten Sintang, Kalimantan Barat 78614",78614,alam,"Area parkir, toilet, Pusat Informasi",,
Air Terjun Banangar,"Air Terjun Bananggar, atau Air Terjun Mananggar, adalah sebuah patahan dari Sungai Landak sehingga terbentuk sebuah air terjun. Memiliki ketinggian 60 meter dan lebar 60 meter. Terdapat kolam alami yang besar persis di bawah air terjun.",00:00,23:59,5000,0.854007857322957,110.15881068776764,6500,Kalimantan Barat,Landak,air besar,"V535+H7C, Merayuh, Kec. Air Besar, Kabupaten Landak, Kalimantan Barat 79365",79365,alam,"Area parkir, toilet, area makanan, Penginapan",,
Pulau Lemukutan,"Pulau Lemukutan adalah pulau kecil yang terletak di perairan Kalimantan Barat, tepatnya di Kabupaten Sambas. Pulau ini terkenal karena keindahan pantainya yang eksotis, air laut yang jernih, serta pasir putihnya yang halus",00:00,23:59,209000,0.7447816405443916,108.71624822400351,12762,Kalimantan Barat,Bengkayang,sungai raya kepulauan,"Kecamatan Sungai Raya Kepulauan, Kabupaten Bengkayang, Provinsi Kalimantan Barat",79271,alam,"penginapan, toilet, tempat ibadah, area makanan",,
,,,,,,,,,,,,,,,,
Taman Nasional Tanjung Puting,Taman Nasional Tanjung Puting terkenal dengan habitat orangutannya yang liar. Anda dapat mengikuti tur menyusuri sungai untuk melihat orangutan dan satwa liar lainnya.,07:00,17:00,5000,-3.0004027210166737,111.98652698771481,8779,Kalimantan Tengah,kotawaringin,kumai,"Tlk. Pulai, Kec. Kumai, Kabupaten Kotawaringin Barat, Kalimantan Tengah 74181",74181,alam,"Perahu,penginapan, toilet, area parkir, tempat makan",,
Museum Balanga,Museum Balanga merupakan museum yang menyimpan koleksi benda-benda bersejarah dari Kalimantan Tengah. Museum ini terletak di Kota Palangka Raya.,07:00,14:00,5000,-2.1951734879810805,113.90304504914356,1200,Kalimantan Tengah,Palangkaraya,Jekan Raya,"Jl. Tjilik Riwut No.Km. 2.5, Palangka, Kec. Jekan Raya, Kota Palangka Raya, Kalimantan Tengah 73112",73112,Sejarah,"area parkir, Tempat Ibadah,toilet, area makanan",,
Danau Tahai,"Di kawasan objek wisata Danau Tahai ini terdapat jembatan kayu yang mengelilingi kawasan danau dan juga menghubunggkan danau ke kawasan hutan, sehingga para wisatawan dapat berjalan-jalan ke tengah danau sambil menikmati pemandangan alam yang sangat mempesona.",00:00,23:59,0,-2.0273121158817244,113.78320148931277,5500,Kalimantan Tengah,Palangkaraya,Bukit Batu,"Tumbang Tahai, Kec. Bukit Batu, Kota Palangka Raya, Kalimantan Tengah",73912,alam,"penginapan, toilet, area parkir",,
Pantai Ujung Pandaran,Pantai ini terekenal akan pantai yang landai dan biota lautnya yang membentang puluhan kilometer dari Kabupaten Kotawaringin Timur ingga perbatasan Kabupaten seruyan.,00:00,23:59,5000,-3.168220112376939,113.00427564127921,8992,Kalimantan Tengah,Kotawaringin Timur,teluk sampit,"Ujung Pandaran, Teluk Sampit, Kabupaten Kotawaringin Timur, Kalimantan Tengah 74363",74363,alam,"toko oleh-oleh, toilet, area makanan, penginapan, area parkir",,
Sungai sekonyer,"Bertualang di hutan dan menepi dari modernitas memang terdengar menantang. Petualangan alam liar demikian bisa Anda lakukan saat menyusuri Sungai Sekonyer yang menjadi jalur menuju Taman Nasional Tanjung Puting di Kumai, Kalimantan Tengah. Sungai sepanjang 45 kilometer membentang, membelah Taman Nasional Tanjung Puting.",00:00,23:59,5000,-2.7437160275763954,111.92835908456003,5902,Kalimantan Tengah,Kotawaringin Barat,kumai,"Kumai, Kotawaringin Barat, Kalteng, Kumai Hilir , Kumai , KAB. KOTAWARINGIN BARAT",74181,alam,"toilet,tempat sampah",,
Istana Kuning,"istana ini memiliki sebuah ruang yang dinamakan Dalam Kuning. Menurut sejarah, pada masa pemerintahan kesultanan Kutaringin, bahan kayu yang digunakan untuk membuat istana memang bewarna ini. Hampir keseluruhan istana bewarna kuning sehingga istana tersebut dinamakan Istana Kuning.",08:00,16:00,5000,"-2.675689400896451, 111.6330545664349",111.6330545664349,3208,Kalimantan Tengah,Kotawaringin Barat,arut selatan,"Raja, Kec. Arut Sel., Kabupaten Kotawaringin Barat, Kalimantan Tengah 74112",74112,Sejarah,"pusat informasi, area parkir, toilet",,
Bukit Raya,Bukit Raya Taman Nasional merupakan kawasan konservasi yang terletak di perbatasan antara Kalimantan Barat dan Kalimantan Tengah. Daerah ini memiliki peran penting dalam fungsi hidrologis hutan dan Bukit Raya merupakan perwakilan tipe ekosistem hutan hujan tropis pegunungan.,00:00,23:59,5000,-2.06984919980046,111.62536493256721,4982,Kalimantan Tengah,Katingan,bukit raya,"Tumbang Kajamei, Bukit Raya, Kabupaten Katingan, Kalimantan Tengah",-,alam,"area parkir , Tempat Ibadah , toilet , area makanan",,
Taman Wisata Alam Tangkiling,"Daya Tarik wisata Taman Wisata Alam Tangkiling, yaitu ekosistem alam flora dan founa hutan tropis, perbukitan, tanaman herbal/depot obat, kolam buaya, beruang, depot anggrek, panjat tebing, jalan refleksi, tracking hutan, dan pohon yang dilindungi (tengkawang, ulin), dan lebah madu.",00:00,23:59,5000,-1.998669,113.753444,4149,Kalimantan Tengah,Palangkaraya,Bukit Batu,"Jalan Pariwisata RT 05/03 Kelurahan Banturung, Kecamatan Bukit Batu Kota Palangka Raya",73224,alam,"area parkir, toilet, pusat informasi, toko oleh-oleh",,
Jurung Tiga Nature Park,"TWH Jurung Tiga dengan luas areal lebih kurang 40 Hektar memiliki daya pesona luar biasa, Ada beberapa spot lokasi yang telah dilengkapi di lokasi tersebut diantaranya areal outbound, areal camping ground, areal edukasi alam, jembatan kenangan, spot menyumpit, rumah pohon, hutan buah, rakit cinta, area makanan, shelter-shelter (tempat peristirahatan sementara) dan sejumlah spot menarik lainnya yang ‘instagramable’.",08:00,17:00,10000,"-2.773450944575311, 111.65868778282329",111.65868778282329,2339,Kalimantan Tengah,Kotawaringin Barat,kumai,"6MG4+FW2, Batu Belaman, Kec. Kumai, Kabupaten Kotawaringin Barat, Kalimantan Tengah 74181",74181,alam,"area parkir, wahana permainan, tempat sampah, pusat informasi,tempat ibadah",,
Pulau Kaja,"Pulau Kaja berada di aliran Sungai Rungan, Nyaru Menteng, Kelurahan Tumbang Tahai, Kecamatan Bukit Batu, Kota Palangka Raya. Pengelolanya adalah Borneo Orang Utan Survival Foundation (BOSF).",07:00,19:00,0,"-1.9489338388648578, 113.78107191827577",113.78107191827577,3298,Kalimantan Tengah,Palangkaraya,Bukit Batu,"2QW8+64R, Sei Gohong, Kec. Bukit Batu, Kota Palangka Raya, Kalimantan Tengah 73112",73112,alam,"pusat informasi, toilet, area parkir",,
,,,,,,,,,,,,,,,,
Bukit Teletubbies,Bukit Rimpi atau Bukit Teletubbies merupakan sebuah perbukitan yang ditumbuhi oleh padang savana hijau yang berhiaskan oleh hamparan rumput dengan pemandangannya yang indah.,06:00,17:00,10000,"-3.4223609517114837, ",114.53443787916716,2784,Kalimantan Selatan,Tanah Laut,pelaihari,"Tampang, Pelaihari, Kabupaten Tanah Laut, Kalimantan Selatan",70815,Alam,"area makanan, area parkir dan toilet.",,
Air Terjun Bajuin,wisata Air Terjun Bajuin ini Anda dapat menikmati keindahan alam dan sejuknya udara dan suasana disekitar Air Terjun Bajuin ini.,00:00,23:59,10000,"-3.7853024536602793, ",114.85099425416671,3746,Kalimantan Selatan,Tanah Laut,batu ampar,"Damar Lima, Kec. Batu Ampar, Kabupaten Tanah Laut, Kalimantan Selatan",70882,Alam,"Area parkir, area makanan, toilet",,
Pantai Batakan,menuju Pantai Batakan bisa dibilang cukup bagus. Sehingga memudahkan wisatawan yang datang menggunakan jalur darat.,00:00,23:59,5000,"-4.0720199300435835, ",114.65939919062501,4638,Kalimantan Selatan,Tanah Laut,panyipatan,"Jl. Pariwisata, Batakan, Kec. Panyipatan, Kabupaten Tanah Laut, Kalimantan Selatan",70871,Alam,"Area parkir, toilet, Pusat Informasi.",,
Museum WASAKA,"Museum WASAKA merupakan sebuah wisata sejarah berupa benda-benda yang dipajang di museum pada masa perjuangan masayarakat Kalimantan Selatan, Museum ini berada, Jln Adam Kompleks Haji Andir, Kampung Kenanga Ulu RT 14, Kelurahan Sungai Jingah, Kecamatan Banjarmasin Utara, Kota Banjarmasin. asal muasal Wasaka singkatan dari Waja Sampai Ka Puting yang berarti motto perjuangan masyarakat Kalimantan Selatan.",08:30,13:30,0,"-3.3018490632201467, ",114.60950915342883,3254,Kalimantan Selatan,Banjarmasin,banjarmasin utara,"Jl. Kampung Kenanga, Sungai Jingah, Kec. Banjarmasin Utara, Kota Banjarmasin, Kalimantan Selatan",70122,Sejarah,"Area parkir, toilet, area makanan, pusat informasi",,
Kebun Raya Banua,Kebun Raya Banua adalah kebun raya dengan tanaman obat dan konservasi tanaman langka khas Kalimantan.,08:00,18:00,7000,"-3.4628791614711107, ",114.82604496561414,1476,Kalimantan Selatan,BanjarBaru,cempaka,"Jl. Aneka Tambang, Palam, Kecamatan Cempaka, Kota BanjarBaru, Kalimantan Selatan",70732,alam,"Area parkir, toilet, penginapan, Pusat Informasi",,
Taman Hutan Raya Sultan Adam,"Taman hutan kota yang asri dan rindang di Banjarmasin. Di sini, Anda dapat bersantai, berolahraga, atau piknik bersama keluarga",00:00,23:59,0,-3.5192482166615235,114.95083094543926,3891,Kalimantan Selatan,Banjar,karang intan,"Cempaka, Mandi Angin Barat, Kec. Karang Intan, Kabupaten Banjar, Kalimantan Selatan 70661",70661,alam,"Area parkir, toilet, area makanan,wahana permainan, penginapan",,
Amanah Borneo Park,"Kebun binatang dan taman hiburan di Banjarmasin. Di sini, Anda dapat melihat berbagai macam hewan, seperti orangutan, bekantan, dan harimau. Anda juga dapat menikmati wahana permainan yang seru",08:00,17:00,60000,-3.495556121322776,114.80926825515827,6511,Kalimantan Selatan,BanjarBaru,cempaka,"Jl. Taruna Bhakti, RT.12/RW.04, Palam, Kec. Cemp., Kota Banjar Baru, Kalimantan Selatan 70731",70731,alam,"Pusat Informasi, toilet, tempat sampah, wahana permainan",,
Bukit Matang Kaladan,"Bukit yang indah dengan pemandangan alam yang menakjubkan di Kabupaten Banjar. Di sini, Anda dapat mendaki gunung, camping, atau berfoto-foto",00:00,23:59,0,-3.5252370006586093,115.01085413512357,7301,Kalimantan Selatan,Banjar,aranio,"F2F5+RQM, Aranio, Kec. Aranio, Kabupaten Banjar, Kalimantan Selatan 70671",70671,alam,"Pusat Informasi, toilet, tempat sampah, area parkir",,
Pulau Kembang,Pulau kecil yang indah dengan pantai berpasir putih dan air laut yang jernih,00:00,23:59,0,-3.315252764806994,114.54028558523575,2918,Kalimantan Selatan,Barito Kuala,tamban,"Tinggiran II, Kec. Tamban, Kabupaten Barito Kuala, Kalimantan Selatan",70582,alam,"Pusat Informasi, toilet, tempat sampah, toko oleh-oleh",,
Pantai Takisung,"Pantai yang indah dengan tebing batu kapur yang tinggi dan air laut yang biru di Kabupaten Tanah Laut. Di sini, Anda dapat berenang, berjemur, atau memancing.",00:00,23:59,0,-3.8641888121570522,114.60840911776629,9152,Kalimantan Selatan,Tanah Laut,takisung,"Takisung, Kabupaten Tanah Laut, Kalimantan Selatan",70861,alam,"area makanan, toilet, tempat sampah, area parkir",,
,,,,,,,,,,,,,,,,
Danau Kakaban,Danau Kakaban adalah salah satu tempat wisata Kalimantan Timur yang wajib dikunjungi. Temnpat wisata Kalimantan Timur ini terkenal memiliki berbagai jenis ubur-ubur langka.,08:00,16:00,30000,"2.1394181672076455, 118.5168674931726",118.5168674931726,3260,Kalimantan Timur,Berau,Maratua,"4GXG+HWJ, Pulau Kakaban, Payung-Payung, Kalimantan Timur",77381,Alam,"pusat informasi, area parkir, toilet",,
Kepulauan Derawan,"Kepulauan Derawan adalah gugusan pulau yang terletak di Kabupaten Berau, Kalimantan Timur. Kepulauan ini terkenal dengan keindahan alamnya yang masih asri, dengan pantai berpasir putih, air laut jernih, dan terumbu karang yang indah.",00:00,23:59,600000,"2.2598664516116576, 118.41810553764249",118.41810553764249,20000,Kalimantan Timur,Berau,Maratua,"Kabupaten Berau, Kalimantan Timur.",77380,Alam,"area parkir , Tempat Ibadah , toilet , area makanan",,
Danau Labuan Cermin,"Danau Labuan Cermin adalah danau yang terletak di Kabupaten Berau, Kalimantan Timur. Danau ini terkenal dengan airnya yang sangat jernih dan tenang. Pengunjung dapat berenang, berfoto, atau menikmati pemandangan danau yang indah.",08:00,17:00,50000,1.2527180716751944,118.6862720573069,12000,Kalimantan Timur,Berau,Biduk-biduk,"7M2M+VHP, Biduk-Biduk, Biduk Biduk, Kabupaten Berau, Kalimantan Timur 77373",77373,Alam,"area parkir, toilet, pusat informasi, toko oleh-oleh",,
Telaga Biru Tulung Ni' Lenggo,"Telaga Biru Tulung Ni' Lenggo adalah danau yang terletak di Kabupaten Kutai Timur, Kalimantan Timur. Danau ini terkenal dengan airnya yang berwarna biru kehijauan dan dikelilingi oleh hutan yang masih asri.",08:00,17:00,10000,1.4152748439741696,118.35029788167795,4581,Kalimantan Timur,Berau,Batu Putih,"C88X+3P7, Tembudan, Kec. Batu Putih, Kabupaten Berau, Kalimantan Timur 77372",77372,Alam,"area parkir, wahana permainan, tempat sampah, pusat informasi,tempat ibadah",,
Pulau Maratua,"MARATUA berada dalam gugusan Kepulauan Derawan Kabupaten Berau, salah satu pulau terluar di Kalimantan Timur yang berbatasan dengan Filipina Selatan dan Sabah, Malaysia Timur. Sejak lama Maratua dikenal sebagai tempat wisata bahari yang menampilkan keindahan pantai, aneka biota laut dengan bermacam jenis ikan, penyu dan keindahan bawah laut berupa terumbu karang yang sangat menarik. Juga hutan bakau dan mangrove serta pokok kelapa yang memagar pulau.",00:00,23:59,20000,2.2321920444517676,118.58006235042238,3902,Kalimantan Timur,Berau,Maratua,"Kabupaten Berau, Provinsi Kalimantan Timur.",77381,Alam,"pusat informasi, toilet, area parkir",,
Gua Haji Mangku,"Gua Haji Mangku adalah gua yang terletak di Kabupaten Kutai Timur, Kalimantan Timur. Gua ini terkenal dengan stalaktit dan stalagmitnya yang indah. Pengunjung dapat menjelajahi gua dan menikmati pemandangan stalaktit dan stalagmit yang menakjubkan.",08:00,17:00,5000,"2.183727963358852, 118.62554325764923",118.62554325764923,1200,Kalimantan Timur,Berau,Maratua,"5JMC+227, Tlk. Harapan, Kec. Maratua, Kabupaten Berau, Kalimantan Timur 77381",77381,Alam,"Toilet, area makanan, area parkir",,
Taman Nasional Kutai,"Taman Nasional Kutai adalah taman nasional yang terletak di Kabupaten Kutai Kartanegara, Kalimantan Timur. Taman ini terkenal dengan flora dan faunanya yang beragam, termasuk orangutan, bekantan, dan gajah.",08:00,17:00,500000,0.4413574490592662,117.11223942957777,2519,Kalimantan Timur,Kutai Timur ,Maratua,"C4R6+FC7, Sangatta Sel., Kec. Sangatta Sel., Kabupaten Kutai Timur, Kalimantan Timur 75553",75553,Alam,"penginapan,area makanan,Toilet,perahu wisata",,
Bukit Batu Dinding,"Bukit Batu Dinding adalah bukit yang terletak di Kabupaten Kutai Timur, Kalimantan Timur. Bukit ini terkenal dengan pemandangan alamnya yang indah, dengan tebing batu yang tinggi dan air terjun yang jernih.",00:00,23:59,0,-0.9243439246886711,116.9743080588555,2000,Kalimantan Timur,Kutai Kartanegara,Samboja,"3XGF+5FR, Bukit Merdeka, Kec. Samboja, Kabupaten Kutai Kartanegara, Kalimantan Timur 75271",75271,Alam,"Toilet, area parkir, pusat informasi",,
Museum mulawarman,"Museum Negeri Propinsi Kalimantan timur “Mulawarman” merupakan objek wisata budaya yang bermuatan Ilmu Pengeetahuan dan Sejarah Kerajaan Kutai Kartenegara. Lokasi Museum Mulawarman berada ditengah kota Tenggarong, dari Balikpapan dapat di tempuh melalui jalur darat dan sungai dengan waktu tempuh sekitar satu jam.",08:30,16:30,10000,-0.41295766458118827,116.99161951791767,5000,Kalimantan Timur,Kutai Kartanegara,Tenggarong,"Jl. Diponegoro No.26, Panji, Kec. Tenggarong, Kabupaten Kutai Kartanegara, Kalimantan Timur 75513",75513,Alam,"toko oleh-oleh, toilet, taman, pusat informasi",,
Bukit Bangkirai,"Wisata ini menawarkan pesona hutan hujan tropis yang masih alami, yang dilengkapi dengan sarana dan prasarana wisata seperti area makanan, lamin untuk pertemuan, kolam renang, serta cottage maupun jungle cabin",09:00,17:00,3500,-1.0241759879961145,116.86854678784557,7668,Kalimantan Timur,Kutai Kartanegara,Samboja,"Karya Merdeka, Kec. Samboja, Kabupaten Kutai Kartanegara, Kalimantan Timur 75271",75271,Alam,"penginapan, area makanan, toilet, tempat sampah, area parkir",,
,,,,,,,,,,,,,,,,
Air Terjun Krayan,"Air Terjun Krayan adalah sebutan untuk beberapa air terjun indah yang terletak di pedalaman Kalimantan Utara, di Kabupaten Nunukan, tepatnya di wilayah Krayan, yang berbatasan dengan Malaysia. Air terjun ini terkenal dengan kealamiannya yang masih asri dan airnya yang jernih.",00:00,23:59,0,4.010417249836094,116.53043609886221,1908,Kalimantan Utara,Nunukan,Krayan Induk,"WM4P+F77, Pa Kemut, Krayan, Kabupaten Nunukan, Kalimantan Utara 77456",77456,Alam,"Toilet, pusat informasi, ",,
Pantai Amal,"Pantai yang indah dengan pasir putih dan air laut yang jernih di Kota Tarakan. Di sini, Anda dapat berenang, berjemur, atau bermain voli pantai.",00:00,23:59,0,3.3066407352829916,117.66101873070261,5992,Kalimantan Utara,Tarakan,Tarakan Timur,"Pantai Amal, Kec. Tarakan Tim., Kota Tarakan, Kalimantan Utara",77115,Alam,"toilet ,area makanan, area parkir",,
Museum Sejarah Tarakan,"Museum yang menyimpan koleksi benda-benda bersejarah dari Perang Dunia II di Kota Tarakan. Di sini, Anda dapat mempelajari tentang peristiwa perang yang terjadi di Tarakan pada masa lalu",08:00,16:00,5000,3.2989343439883188,117.62186082532732,3428,Kalimantan Utara,Tarakan,Tarakan Timur,"7JXC+G4J, Kp. Empat, Kec. Tarakan Tim., Kota Tarakan, Kalimantan Utara",71121,Sejarah,"pusat informasi, toilet, area parkir",,
Taman Nasional Kayan Mentarang,"Taman nasional yang luas dengan hutan hujan tropis yang masih alami di Kabupaten Malinau dan Kabupaten Bulungan. Di sini, Anda dapat melihat berbagai macam flora dan fauna, seperti orangutan, bekantan, dan bunga anggrek",07:30,16:00,10000,2.8719186959320564,115.37975567190672,4452,Kalimantan Utara,Malinau,Bahau hulu,"V9CH+PCG, Balai Taman Nasional Kayan Mentarang Pemda, Jl. Pusat Pemerintahan, Tanjung Belimbing, Pujungan, Kabupaten Malinau, Kalimantan Utara 77562",77562,Alam,"pusat informasi, toilet, area makanan, toko oleh-oleh",,
Kawasan Konservasi Mangrove dan Bekantan,"Kawasan konservasi yang melindungi hutan mangrove dan habitat bekantan di Kota Tarakan. Di sini, Anda dapat melihat bekantan di habitat aslinya dan belajar tentang pentingnya konservasi hutan mangrove",08:00,17:00,5000,3.3055926214058435,117.57856462163011,3730,Kalimantan Utara,Tarakan,Tarakan Barat,"Karang Rejo, Tarakan Barat, Karang Rejo, Kec. Tarakan Bar., Kota Tarakan, Kalimantan Utara, Indonesia",77112,Alam,"Pusat informasi, tempat sampah, toilet",,
Pantai Eching,"Di Kaltara Anda juga bisa memilih destinasi lain selain hutan dan pegunungan, misalnya saja pantai Eching ini. Sangat cocok membawa keluarga untuk berlibur ke pantai ini karena ombaknya yang tenang, aman untuk berenang. Selain itu, Anda dapat memancing ikan karena tersedia tempat khusus untuk itu.",00:00,23:59,5000,4.093479035246732,117.71621091343667,7020,Kalimantan Utara,Nunukan,Nunukan Selatan,"Nunukan Sel., Kabupaten Nunukan, Kalimantan Utara 77482",77482,Alam,"toilet, area parkir, area makanan, tempat sampah, toko oleh-oleh",,
Pantai Kayu Angin,"Pantai ini memiliki pasir yang sangat lembut, serta air lautnya yang kebiruan saat pasang menambah sensasi keindahan pantai Kayu Angin.",00:00,23:59,10000,4.053576674968709,117.91713018167142,7130,Kalimantan Utara,Nunukan,Sebatik,"Tanjung Karang RT. 7, Sebatik, Tj. Karang, Kec. Sebatik, Kabupaten Nunukan, Kalimantan Utara 77483",77483,Alam,"wahana permainan, area makanan, toilet",,
Pulau Sebatik,"Selain menikmati wisata alam yang menarik dan budaya setempat yang masih kental, Anda akan mendapatkan satu keunikan dari tempat penuh pesona ini. Hal unik dari pulau yang berbatasan langsung dengan negara tetangga tersebut adalah dua mata uang yang digunakan secara bersama.",00:00,23:59,0,4.145031718023201,117.78160688860494,3000,Kalimantan Utara,Nunukan,Sebatik,"Tanjung Karang, Kecamatan Sebatik, Nunukan, Kalimantan Utara",77483,Alam,"penginapan, toilet, wahana permainan, area makanan",,
Keburau Rafting,Keburau Rafting adalah destinasi wisata alam yang ada di desa Long Beluah. Tempat ini merupakan medan arung jeram yang lengkap dengan suasana alam sekitar yang indah.,08:00,17:00,450000,2.6980671126319784,117.11865921231038,2301,Kalimantan Utara,Bulungan,Tanjung lapas Barat,"M4X9+528, Long Beluah, Kec. Tj. Palas Bar., Kabupaten Bulungan, Kalimantan Utara 77261",77261,alam,"wahana permainan, toilet, area parkir, area makanan",,
Dermaga Tidung,Dermaga Tidung adalah tempat yang dikenal juga dengan sebutan Dermaga Cinta. Pasalnya di dermaga tersebut diklaim sebagai spot terbaik menikmati sunset. Maka tak heran masyarakat ramai datang mengunjungi tempat ini. Belum lagi Anda dapat memancing juga di bawah dermaga,00:00,23:59,5000,3.626519384090149,117.26281948989372,4000,Kalimantan Utara,Tana Tidung,Sesayap Hilir,"Menjelutung, Sesayap Hilir, Kabupaten Tana Tidung, Kalimantan Utara",77453,Alam,"area parkir, toilet, penginapan, area makanan",,
,,,,,,,,,,,,,,,,
Pulau Lembeh,"Bagi pecinta diving, kamu nggak akan kehabisan spot diving deh kalau liburan ke Sulawesi Utara. Tapi, kalau mencari spot yang paling cantik maka pesona keindahan bawah laut Pulau Lembeh ini tiada duanya.",:00,23:59,0,"1.5231469957505073, ",125.14295093199732,4387,Sulawesi Utara,bitung,Lembeh Utara,"Pulau Lembeh, Kota Bitung, Sulawesi Utara.",95557,alam,"Pusat Informasi, toilet, tempat sampah, wahana permainan",,
Pulau Mahoro,Pulau Maharo memang terpencil. Letaknya termasuk dalam kawasan Nusa Utara yang merupakan garda depan pulau-pulau terluar Nusantara yang berbatasan dengan Filipina.,00:00,23:59,10000,"2.658381580263892, ",125.45540364654985,5487,Sulawesi Utara,siau tagulandang biaro,siau timur,"Tapile, Kec. Siau Tim. Sel., Kabupaten Siau Tagulandang Biaro, Sulawesi Utara",95861,alam,"Pusat Informasi, toilet, tempat sampah, area parkir",,
Batu Dinding Kilo 3 Amurang,,08:00,00:00,0,"1.1562305374426447, ",124.57470684214137,3654,Sulawesi Utara,minahasa,amurang,"5H3H+CGF, Buyungon, Kec. Amurang, Kabupaten Minahasa Selatan, Sulawesi Utara",95957,alam,"Pusat Informasi, toilet, tempat sampah, toko oleh-oleh",,
Hutan Pinus Lahendong,pinus yang menjulang tinggi tentu membuat pikiran kita terasa lebih segar. Apalagi bagi kamu yang jenuh dan lelah dengan rutinitas harian yang menyita sebagian besar waktu.,09:00,18:00,25000,"1.2847198194132539,",124.82057983116127,3645,Sulawesi Utara,Tomohon,tomohon selatan,"7RMF+J7C, Jalan Lahendong, Lahendong, Tomohon Selatan, Lahendong, Kec. Tomohon Sel., Kota Tomohon, Sulawesi Utara",95435,alam,"area makanan, toilet, tempat sampah, area parkir",,
Air Terjun Tumimperas,"Hal ini tak lepas dari suara air yang terjun dan menimpa bebatuan sungai di sana sehingga menghasilkan suara merdu nan alami. Dalam bahasa Tombulu, merdu disebut Tumimperas.",00:00,23:59,0,"1.2971657384221482, ",124.77955381843337,2896,Sulawesi Utara,Tomohon,tomohon selatan,"Pinaras, Tomohon Sel., Kota Tomohon, Sulawesi Utara",95434,alam,"area parkir, area makanan, Toilet, Tempat Ibadah, wahana permainan",,
Patung Yesus Memberkati,"Patung setinggi 30 meter dengan penyangga setinggi 20 meter ini disebut-sebut sebagai sala satu Patung Kristus termegah di dunia, nggak kalah sama yang ada di Rio de Janeiro, Brazil. Dari kejauhan, keindahan patung ini sudah terlihat jelas dengan jubah yang seakan-akan terbang tertiup angin.",00:00,23:59,0,"1.4389536909284648, ",124.84374070322806,3298,Sulawesi Utara,manado,malalayang,"CRQX+53R, Winangun Satu, Kec. Malalayang, Kota Manado, Sulawesi Utara",95885,alam,"area parkir, area makanan, Toilet, Tempat Ibadah, Pusat informasi, Toko oleh-oleh",,
Bukit Padies Kimuwu,"Bukit Padies Kimuwu ini langsung mencuri perhatian wisatawan. Wajar saja, apapun jenis wisata yang kamu cari bisa ditemukan di sini! Lagipula lokasinya juga tidak jauh dari pusat Kota Manado, kamu hanya perlu berkendara 30 menit saja.",09:00,20:00,15000,"1.4212549453672574, ",124.8232012184331,2943,Sulawesi Utara,minahasa,Pineleng,"Jl. Menuju ke Salib, Desa Warembungan jaga IV, Kecamatan, Kec. Pineleng, Kabupaten Minahasa, Sulawesi Utara 95661",95661,alam,"area parkir, area makanan, toilet, Tempat Ibadah",,
Puncak Tetetana Kumelembuai,"wilayah Sulawesi Utara mulai dari Kota Manado, Kota Bitung, Kota Tomohon, Minahasa, Minahasa Utara, bahkan Pulau Manado Tua yang ada di Bunaken juga terlihat dari sini.",08:00,18:00,20000,"1.3693034043450958, ",124.88732799808277,3681,Sulawesi Utara,Minahasa,tomohon timur,"9V8Q+FR7, Kumelembuay, Kec. Tomohon Tim., Kabupaten Minahasa, Sulawesi Utara",95449,alam,"gardu pandang, taman bunga, area makanan, toilet, dan Tempat Ibadah",,
Bukit Doa Mahawu Tomohon,Pemandangan alam yang hijau dan indah berpadu dengan hawa yang sejuk menjadi daya tarik utama dari Bukit Doa Tomohon atau yang kerap dijuluki Kelong Garden.,09:00,17:00,25.000,"1.3493884848352977, ",124.8472810391038,2347,Sulawesi Utara,Tomohon,Tomohon Utara,"Kakaskasen Tiga, Kec. Tomohon Utara, Kota Tomohon, Sulawesi Utara.",95417,alam,"Pusat Informasi, Toilet, Area parkir, Toko Oleh-Oleh",,
Kai Santi,kai santi berada di ketinggian 1100 mdpl membuat kamu bisa puas memandang keindahan Sulawesi Utara.,08:00,20:00,35000,"1.3243690888166895, ",124.80141343540379,20000,Sulawesi Utara,Tomohon,tomohon barat,": Jl. Woloan Kayawu, Woloan Dua, Tomohon Bar., Kota Tomohon, Sulawesi Utara",95422,alam,"Penginapan, area makanan, area parkir, tempat sampah, toko oleh-oleh",,
,,,,,,,,,,,,,,,,
Pulo Cinta,"Pulau yang merupakan salah satu pulau kecil di sebelah selatan daratan Gorontalo ini awalnya memang tak berpenghuni, namun saat ini pulau ini dikembangkan menjadi kawasan resort yang memiliki berbagai fasilitas wisata eksklusif dan romantis",00:00,23:59,3500000,0.4510359338505538,122.2930398607808,4821,Gorontalo,Boalemo,Botumoito,"Patoameme, Kec. Botumoito, Kabupaten Boalemo, Gorontalo",96264,alam,"area makanan, toilet, pusat informasi",,
Pulau saronde,"Pulau Saronde memiliki luas sekitar 8 hektar, dan terdiri dari dataran pasir putih, bukit, dan hutan. Pulau ini memiliki pantai yang indah, air laut yang jernih, dan terumbu karang yang masih alami.",00:00,23:59,25000,0.9265360575203933,122.86332637163284,2390,Gorontalo,Gorontalo Utara,Kwandang,"WVG7+GHJ, Moluo, Kec. Kwandang, Kabupaten Gorontalo Utara, Gorontalo",96133,alam,"tempat sampah, toilet, penginapan, area makanan",,
Wisata Hiu Paus Botubarani,"Salah satu fenomena keindahan alam Indonesia adalah menyaksikan secara langsung Hiu Paus yang mendunia. Adanya di Pantai Botubarani, wilayah Desa Botubarani, Kabupaten Bone Bolango, Provinsi Gorontalo. Mari melihat geliat ikan besar bertotol putih abu-abu itu dari atas perahu, atau bisa langsung menyelam di perairan Botubarani",06:00,17:00,50000,0.47474261608329504,123.10166429271524,5000,Gorontalo,Bone Bolango,Kabila Bone,"Botubarani, Kec. Kabila Bone, Kabupaten Bone Bolango, Gorontalo 96117",96117,alam,"wahana permainan, tempat makan, toilet",,
Puncak Dulamayo,"Puncak Dulamayo adalah sebuah destinasi wisata alam yang terletak di Desa Dulamayo Selatan, Kecamatan Telaga, Kabupaten Gorontalo, Provinsi Gorontalo, Indonesia. Tempat ini terkenal dengan hamparan hutan pinus dan pemandangan alam yang indah.",00:00,23:59,10000,0.7178757759696459,123.03738169141214,3200,Gorontalo,Gorontalo,Telaga,"P29P+4JP, Dulamayo Sel., Kec. Telaga, Kabupaten Gorontalo, Gorontalo 96181",96181,alam,"toilet, toko oleh-oleh, area parkir",,
Wisata Pulau Diyonumo Gorontalo,"Pulau Diyonumo adalah sebuah pulau kecil yang tersembunyi di Teluk Tomini, Kabupaten Gorontalo Utara, Provinsi Gorontalo, Indonesia. Pulau ini terkenal dengan keindahan alamnya yang masih asri dan belum tersentuh oleh pariwisata massal.",00:00,23:59,5000,0.9884643433299467,122.52751169647698,2400,Gorontalo,Gorontalo Utara,Sumalata,"Deme II, Kec. Sumalata, Kabupaten Gorontalo Utara, Gorontalo",96261,alam,"pusat informasi, toilet, area makanan,area parkir",,
Benteng Otanaha,Benteng ini merupakan bangunan peninggalan pada masa penjajahan Portugis. Saat itu tentara Portugis ingin tinggal sementara karena kapalnya mendapat serangan bajak laut dan mengalami cuaca buruk.,06:00,18:00,5000,0.5484312743649604,123.00950714119485,,Gorontalo,Gorontalo,Kota Baru,"Dembe I, Kec. Kota Bar., Kota Gorontalo, Gorontalo 96181",96181,Sejarah,"area parkir, area makanan, toilet",,
Desa Wisata Religi Bongo,Desa Adat Bubohu yang telah ditetapkan sebagai desa wisata religius oleh Pemerintah Provinsi Gorontalo karena pesona dari wisata budaya yang tersimpan baik di desa ini. Desa adat ini juga merupakan sebuah pesantren alam di mana di dalamnya terdapat para santri yang tengah menimba ilmu agama Islam.,07:00,21:00,0,"0.4998392901252175, 123.0334781372643",123.0334781372643,8000,Gorontalo,Gorontalo,Batudaa Pantai,"F2XM+V5, Bongo, Kec. Batudaa Pantai, Kabupaten Gorontalo, Gorontalo 96132",96132,Seni Budaya,"toilet, area parkir, tempat ibadah, area makanan, pusat informasi",,
Taman Wisata Laut Olele,Taman Laut Olele menjadi salah satu destinasi wisata unik di Gorontalo. Area wisata ini termasuk ke dalam kawasan Teluk Tomini. Ombak di taman laut ini tergolong tenang sehingga aman jika ingin berenang. Wisata unggulan yang ada di Taman Laut Olele yaitu pusat informasi.,00:00,23:59,50000,0.4101555498907955,123.15331414726778,5000,Gorontalo,Bone Bolango,Kabila Bone,"Olele, Kec. Kabila Bone, Kabupaten Bone Bolango, Gorontalo 96553",96553,alam,"penginapan, area makanan, area parkir, toilet, toko oleh-oleh",,
Danau Limboto,"Danau ini terletak di Kecamatan Limboto, tepatnya pada Provinsi Gorontalo. Danau ini cukup terkenal, karena menjadi pusat dari muara beberapa sungai di Sulawesi. Aliran sungai yang berasal dari Danau Limboto seperti Sungai Bionga, Sungai Molalahu, Sungai Bone Bolango, Sungai Alo, serta Sungai Daenaa. Setidaknya Danau Limboto menjadi muara dari 23 sungai, yang mengaliri Sulawesi.",00:00,23:59,0,0.5770246313445219,123.00754313542703,4600,Gorontalo,Gorontalo,Telaga Jaya,"H2G4+QR4, Buhu, Kec. Telaga Jaya, Kabupaten Gorontalo, Gorontalo 96181",96181,alam,"area parkir, pusat informasi, tempat sampah",,
Taman Wisata Tangga 2000,"Taman wisata ini menawarkan perpaduan antara wisata alam dan wisata budaya. Pengunjung dapat menikmati pemandangan Teluk Gorontalo yang eksotis, dengan perairan laut yang jernih, hamparan pasir putih, dan keindahan alam yang menawan.",00:00,23:59,20000,0.5071377756904271,123.05819228404982,1014,Gorontalo,Gorontalo,Hulonthalangi,"G345+Q3F, Pohe, Kec. Hulonthalangi, Kabupaten Gorontalo, Gorontalo 96133",96133,alam,"area parkir, pusat informasi, tempat sampah, area makanan",,
,,,,,,,,,,,,,,,,
Taman Nasional Lore Lindu,"taman nasional terbesar di Sulawesi Tengah dan merupakan rumah bagi berbagai flora dan fauna yang unik, termasuk anoa, tarsius, dan burung maleo.",00:00,23:59,5000,"-1.3026795066103811, 120.23643175145831",120.23643175145831,532,Sulawesi Tengah,Palu,Palu Utara,"Jl. Palu-Poso Km. 24, Lore Lindu, Palu Utara, Kota Palu, Sulawesi Tengah",75612,alam,"Penginapan, Pusat Informasi, area parkir, area makanan",,
Kepulauan Togean,"gugusan pulau yang indah di Teluk Tomini, Sulawesi Tengah.",00:00,23:59,100000,"-0.3266952439257994, 122.23854042126891",122.23854042126891,3257,Sulawesi Tengah,tojo una - una ,togean,"Kabupaten Tojo Una-Una, Sulawesi Tengah",94686,alam,"Penginapan, Pusat Informasi, area parkir, area makanan",,
Danau Poso,"Danau terbesar di Sulawesi Tengah ini terkenal dengan airnya yang jernih dan pemandangannya yang indah. Di sini kamu bisa memancing, berenang, atau naik perahu.",00:00,23:59,10000,-1.7679701444310674,120.63833009561976,3000,Sulawesi Tengah,Poso,Pamona barat,"Pamona Pusalemba, Sangele, Pamona Pusalemba, Kabupaten Poso, Sulawesi Tengah ",94663,alam,"penginapan, area makanan, area parkir, toilet, toko oleh-oleh",,
Air Terjun Saluopa,Air terjun ini memiliki ketinggian 120 meter dan dikelilingi oleh hutan yang rimbun. Airnya yang segar dan pemandangannya yang indah membuat air terjun ini menjadi tempat wisata yang populer.,08:00,17:00,10000,-1.7518421790093262,120.54137460473346,6090,Sulawesi Tengah,Poso,Pamona Utara,"6GXR+59X, Leboni, Pamona Pusalemba, Kabupaten Poso, Sulawesi Tengah ",94663,alam,"pusat informasi, area makanan, toilet",,
Lembah Bada,"Lembah ini terkenal dengan peninggalan megalitikumnya yang berusia ribuan tahun. Di sini kamu bisa melihat rumah adat Bada, kuburan megalitikum, dan petroglif.",00:00,23:59,10000,-1.8771864389586723,120.24944693764839,3900,Sulawesi Tengah,Poso,Lore Barat,"Kolori, Kec. Lore Bar., Kabupaten Poso, Sulawesi Tengah",94654,alam,"pusat informasi, toilet",,
Air Terjun Salodik,Air terjun ini memiliki ketinggian 80 meter dan dikelilingi oleh hutan yang rimbun. Airnya yang segar dan pemandangannya yang indah membuat air terjun ini menjadi tempat wisata yang populer.,00:00,23:59,2500,-0.8304579257183653,122.8704654832907,5700,Sulawesi Tengah,Banggai,Luwuk,"Jl. Trans Sulawesi, Salodik, Luwuk, Kabupaten Banggai, Sulawesi Tengah ",94716,alam,"pusat informasi, toilet, area makanan",,
Pulau Dua,"Pulau ini terkenal dengan pantainya yang indah dan air lautnya yang jernih. Di sini kamu bisa pusat informasi, diving, dan berjemur.",00:00,23:59,35000,"-0.8275770506177756, ",123.4390948961287,2859,Sulawesi Tengah,Banggai,balantak utara,"Desa Kampangar, Kecamatan Balantak Utara, Kabupaten Banggai, Provinsi Sulawesi Tengah",94775,alam,"penginapan, area makanan, area parkir, toilet",,
Pantai Tanjung Karang,"Pantai ini terkenal dengan pasir putihnya yang halus dan air lautnya yang biru. Di sini kamu bisa berenang, berjemur, dan bermain pasir.",00:00,23:59,10000,-0.6402856970942741,119.74024060406425,14571,Sulawesi Tengah,Donggala,Banawa,"Labuan Bajo, Kec. Banawa, Kabupaten Donggala, Sulawesi Tengah 94351",94351,alam,"pusat informasi, toilet, penginapan, wahana permainan",,
Museum Sulawesi Tengah,Museum ini menyimpan berbagai koleksi benda bersejarah yang berasal dari Sulawesi Tengah. Di sini kamu bisa belajar tentang sejarah dan budaya Sulawesi Tengah.,08:00,15:30,100000,"-5.901893036292057, ",117.17803028878775,4386,Sulawesi Tengah,palu,palu barat,"Jl. Kemiri No.23, Kamonji, Kec. Palu Bar., Kota Palu, Sulawesi Tengah 94111",94111,Sejarah,"pusat informasi, toilet, area parkir,tempat sampah",,
Tugu Nosarara Nosabatutu,Tugu ini merupakan ikon Kota Palu dan menjadi simbol persatuan dan kesatuan masyarakat Sulawesi Tengah.,08:00,22:00,5000,"-0.8565429160567828, 119.91350165414165",119.91350165414165,2530,Sulawesi Tengah,palu,palu timur,"Tim, Tondo, Kec. Palu Tim., Kota Palu, Sulawesi Tengah",94119,seni budaya,"area parkir, toilet, Tempat Ibadah, pusat informasi",,